"CODIGO";"CODIGO INTERNO";"TIPO";"SUB DESCRICAO";"FABRICANTE";"MARCA";"SEGMENTO";"OBS";"OBS COMPLEMENTAR";"NCM";"MINIMO";"MAXIMO";"PRECO ENTRADA";"PRECO CUSTO";"PRECO MEDIO";"PRECO VENDA";"PRECO PESQUISA";"MARKUP";"COEFICIENTE MARKUP";"QTD";"QTD MULTIPLA COMPRA";"QTD MULTIPLA VENDA";"QTD MULTIPLA APLICACAO";"ATACADO";"VAREJO";"SITUACAO";"ANTIGO";"COR";"LADO";"POSICAO";"LOCALIZACAO";"EXTREMIDADE";"USO";"IMAGEM";"GTIN";"GTIN-14";"MEDIDA";"PRAZO GARANTIA";"OBS GARANTIA";"GRUPO ITEM";"SUB GRUPO ITEM";"FORNECEDOR REFERENCIAL";"UN";"REFERENCIA";"CST/ICMS";"PRECO PROMOCAO";"SEGMENTO";"COD.IMPORTACAO XML";"BASE CALCULO ICMS RET";"% ICMS RET";"ICMS RET";"ICMS SUBSTITUTO";"PIS/COFINS";"CHAVE NFE";"RANKING CURVA ABC GERAL ITEM";"CURVA ABC GERAL ITEM";"VALOR CURVA ABC GERAL ITEM";"REGISTRO ABC GERAL ITEM";"CODIGO CURVA ABC FORNECEDOR";"VALOR CURVA ABC FORNECEDOR";"REGISTRO CURVA ABC FORNECEDOR";"UF CURVA ABC FORNECEDOR";
"46479";"";"VELA";"AQUECEDORA";"=""PA.SP-22""";"PARALELO";"";"ENDURA";"";"8511.1000";"4,00";"6,00";"0,00";"0,00";"0,00";"0,00";"0,00";"80%";"1,8000";"0";"0,00";"1,00";"0,00";"F";"F";"";"=""PA.SP-22""";"";"";"";"=""106-B-04""";"";"";"F";"=""SP-22""";"=""""";"STD";"0";"";"";".";"";"PC";"";"60-ICMS ANTEC.S.TRIB";"0,00";"";"";"0.00";"0.00";"0.00";"0.00";"t";"=""""";"";"";"";"";"";"";"";"";
"46480";"";"VELA";"AQUECEDORA";"=""VATK22""";"TAKAO";"";"Equip. Thermoking D201 - 2.2L 8V Thermoking Diesel";"";"8409.9114";"0,00";"0,00";"0,00";"79,72";"0,00";"143,49";"0,00";"80%";"1,8000";"0";"0,00";"1,00";"0,00";"F";"F";"";"=""VATK22 STD""";"";"";"";"=""""";"";"";"F";"=""7899747841358""";"=""""";" STD";"0";"";"";".";"";"PC";"";"60-ICMS ANTEC.S.TRIB";"0,00";"";"";"0.00";"0.00";"0.00";"0.00";"t";"=""""";"";"";"";"";"";"";"";"";
"46481";"";"VELA";"AQUECEDORA";"=""MC301""";"MANDO MACHINERY";"";"GM 2.0 TRACKER";"";"8511.8010";"1,00";"3,00";"0,00";"10,71";"10,71";"19,28";"0,00";"80%";"1,8000";"0";"0,00";"1,00";"0,00";"F";"F";"";"=""MC301""";"";"";"";"=""213-C-04""";"";"";"F";"=""7899526577706""";"=""""";"STD";"";"";"";".";"";"PC";"";"60-ICMS ANTEC.S.TRIB";"0,00";"";"";"0.00";"0.00";"0.00";"0.00";"t";"=""""";"";"";"";"";"";"";"";"";
"46482";"";"VELA";"AQUECEDORA";"=""34160""";"MWM";"";"INT 6340";"";"8482.1090";"1,00";"3,00";"0,00";"12,00";"12,00";"21,60";"0,00";"80%";"1,8000";"0";"0,00";"1,00";"0,00";"F";"F";"";"=""34160""";"";"";"";"=""""";"";"";"F";"=""34160""";"=""""";"STD";"0";"";"";".";"";"PC";"";"60-ICMS ANTEC.S.TRIB";"0,00";"";"";"0.00";"0.00";"0.00";"0.00";"f";"=""""";"";"";"";"";"";"";"";"";
"46483";"";"VELA";"AQUECEDORA";"=""70998052""";"MWM";"";"INT TODOS";"";"8511.8010";"1,00";"3,00";"0,00";"69,28";"69,28";"134,41";"0,00";"80%";"1,8000";"2";"0,00";"1,00";"0,00";"F";"F";"";"=""70998052""";"";"";"";"=""203-A-01""";"";"";"F";"=""7895825060666""";"=""""";"STD";"0";"";"";".";"";"PC";"";"60-ICMS ANTEC.S.TRIB";"0,00";"";"";"0.00";"0.00";"0.00";"0.00";"t";"=""""";"";"";"";"";"";"";"";"";
"46484";"";"VELA";"AQUECEDORA";"=""OK05418140""";"MANDO MACHINERY";"";"KIA 2.0/TDI SPORTAGE (25188)";"";"8482.1090";"1,00";"3,00";"0,00";"36,00";"36,00";"64,80";"0,00";"80%";"1,8000";"0";"0,00";"1,00";"0,00";"F";"F";"";"=""OK05418140""";"";"";"";"=""213-C-04""";"";"";"F";"=""7899526541103""";"=""""";"STD";"0";"";"";".";"";"PC";"";"60-ICMS ANTEC.S.TRIB";"0,00";"";"";"0.00";"0.00";"0.00";"0.00";"f";"=""""";"";"";"";"";"";"";"";"";
"46485";"";"VELA";"AQUECEDORA";"=""OK71018140A""";"MANDO MACHINERY";"";"KIA 2.2 BESTA";"";"8484.9000";"1,00";"3,00";"0,00";"4,35";"4,35";"7,83";"0,00";"80%";"1,8000";"0";"0,00";"1,00";"0,00";"F";"F";"";"=""OK71018140A""";"";"";"";"=""213-C-04""";"";"";"F";"=""OK71018140A""";"=""""";"STD";"0";"";"";".";"";"PC";"";"60-ICMS ANTEC.S.TRIB";"0,00";"";"";"0.00";"0.00";"0.00";"0.00";"f";"=""""";"";"";"";"";"";"";"";"";
"46486";"";"VELA";"AQUECEDORA";"=""OK75A18140""";"MANDO MACHINERY";"";"KIA BESTA 3.0 GS";"";"8483.1090";"1,00";"3,00";"0,00";"4,19";"5,43";"9,77";"0,00";"80%";"1,8000";"0";"0,00";"1,00";"0,00";"F";"F";"";"=""OK75A18140""";"";"";"";"=""213-C-04""";"";"";"F";"=""OK75A18140""";"=""""";"STD";"0";"";"";".";"";"PC";"";"60-ICMS ANTEC.S.TRIB";"0,00";"";"";"0.00";"0.00";"0.00";"0.00";"t";"=""""";"";"";"";"";"";"";"";"";
"46487";"";"VELA";"AQUECEDORA";"=""74192E""";"MWM";"";"MAXION 2.5 2.8 8V HS 4.07TCA S10 SPRINTER (C9791)(ETC8847)";"";"8511.8010";"1,00";"3,00";"61,72";"61,73";"61,72";"111,11";"0,00";"80%";"1,8000";"1";"0,00";"1,00";"0,00";"F";"F";"";"=""74192E""";"";"";"";"=""203-C-05""";"";"";"F";"=""7895825082972""";"=""""";"STD";"";"";"";".";"";"PC";"";"60-ICMS ANTEC.S.TRIB";"0,00";"";"";"0.00";"0.00";"0.00";"0.00";"t";"=""""";"";"";"";"";"";"";"";"";
"46488";"";"VELA";"AQUECEDORA";"=""C9791""";"TARANTO";"";"MAXION 2.5 2.8 8V HS 4.07TCA S10 SPRINTER (C9791)(ETC8847)";"(M10 PASSO 1,0MM)";"8511.8010";"1,00";"3,00";"0,00";"30,83";"0,00";"55,50";"0,00";"80%";"1,8000";"0";"0,00";"1,00";"0,00";"F";"F";"";"=""C9791""";"";"";"";"=""""";"";"";"T";"=""7793960763100""";"=""""";"STD";"";"";"";".";"";"PC";"";"60-ICMS ANTEC.S.TRIB";"0,00";"";"";"0.00";"0.00";"0.00";"0.00";"t";"=""""";"";"";"";"";"";"";"";"";
"46489";"";"VELA";"AQUECEDORA";"=""MM209""";"MANDO MACHINERY";"";"MAXION 2.5 2.8 8V HS 4.07TCA S10 SPRINTER (C9791)(ETC8847)";"";"8511.8010";"11,00";"13,00";"2,79";"6,35";"7,48";"52,20";"0,00";"80%";"1,8000";"10";"0,00";"1,00";"0,00";"F";"F";"";"=""MM209""";"";"";"";"=""208-B-05""";"";"";"F";"=""7899526530435""";"=""""";"STD";"";"";"";".";"";"PC";"";"60-ICMS ANTEC.S.TRIB";"0,00";"";"4082";"6.45";"18.00";"1.05";"0.11";"t";"=""35200703458819000195550000002025471447602569""";"";"";"";"";"";"";"";"";
"46490";"";"VELA";"AQUECEDORA";"=""VEMI20E""";"TAKAO";"";"MAZDA 2.0 FE";"";"8511.8010";"1,00";"3,00";"0,00";"0,00";"13,94";"0,00";"0,00";"80%";"1,8000";"0";"0,00";"1,00";"0,00";"F";"F";"";"=""VEMI20E""";"";"";"";"=""110-K-06""";"";"";"F";"=""""";"=""""";"STD";"0";"";"";".";"";"PC";"";"60-ICMS ANTEC.S.TRIB";"0,00";"";"";"0.00";"0.00";"0.00";"0.00";"t";"=""""";"";"";"";"";"";"";"";"";
"46491";"";"VELA";"AQUECEDORA";"=""MT5166""";"MANDO MACHINERY";"";"MITSUBISHI 2.5 PAJERO SPORT";"";"8482.1090";"1,00";"3,00";"0,00";"8,94";"6,81";"12,26";"0,00";"80%";"1,8000";"0";"0,00";"1,00";"0,00";"F";"F";"";"=""MT5166""";"";"";"";"=""213-C-04""";"";"";"F";"=""""";"=""""";"STD";"0";"";"";".";"";"PC";"";"60-ICMS ANTEC.S.TRIB";"0,00";"";"";"0.00";"0.00";"0.00";"0.00";"f";"=""""";"";"";"";"";"";"";"";"";
"46492";"";"VELA";"AQUECEDORA";"=""MB2007""";"MANDO MACHINERY";"";"MITSUBISHI 2.8 12VOL PAJERO 4M40 88.08MM";"";"8482.1090";"6,00";"8,00";"0,00";"4,57";"6,59";"18,32";"0,00";"80%";"1,8000";"6";"0,00";"1,00";"0,00";"F";"F";"";"=""MB2007""";"";"";"";"=""208-B-04""";"";"";"F";"=""""";"=""""";"STD";"0";"";"";".";"";"PC";"";"60-ICMS ANTEC.S.TRIB";"0,00";"";"";"0.00";"0.00";"0.00";"0.00";"f";"=""""";"";"";"";"";"";"";"";"";
"46493";"";"VELA";"AQUECEDORA";"=""3671042020""";"MANDO MACHINERY";"";"MITSUBISHI H100 95/04 HR 05/12 L300 94/96";"";"8483.1090";"1,00";"3,00";"0,00";"3,37";"3,37";"6,07";"0,00";"80%";"1,8000";"0";"0,00";"1,00";"0,00";"F";"F";"";"=""3671042020""";"";"";"";"=""213-C-04""";"";"";"F";"=""""";"=""""";"STD";"0";"";"";".";"";"PC";"";"60-ICMS ANTEC.S.TRIB";"0,00";"";"";"0.00";"0.00";"0.00";"0.00";"t";"=""""";"";"";"";"";"";"";"";"";
"46494";"";"VELA";"AQUECEDORA";"=""905794120016""";"MWM";"";"MWM 6.07";"";"8511.8010";"1,00";"3,00";"0,00";"140,69";"140,69";"253,24";"0,00";"80%";"1,8000";"0";"0,00";"1,00";"0,00";"F";"F";"";"=""905794120016""";"";"";"";"=""""";"";"";"F";"=""7895825115625""";"=""""";"STD";"0";"";"";".";"";"PC";"";"60-ICMS ANTEC.S.TRIB";"0,00";"";"";"0.00";"0.00";"0.00";"0.00";"t";"=""""";"";"";"";"";"";"";"";"";
"46495";"";"VELA";"AQUECEDORA";"=""3798""";"GERAL PARTS";"";"NISSAN 2.7 PATHFINDER";"";"8483.1090";"1,00";"3,00";"0,00";"4,53";"4,53";"24,66";"0,00";"80%";"1,8000";"11";"0,00";"1,00";"0,00";"F";"F";"";"=""3798""";"";"";"";"=""102-C-03""";"";"";"F";"=""""";"=""""";"STD";"0";"";"";".";"";"PC";"";"60-ICMS ANTEC.S.TRIB";"0,00";"";"";"0.00";"0.00";"0.00";"0.00";"t";"=""""";"";"";"";"";"";"";"";"";
"46496";"";"VELA";"AQUECEDORA";"=""RE2106""";"MANDO MACHINERY";"";"RENAULT 2.5 MASTER(RE2042)";"";"8511.8010";"6,00";"8,00";"4,52";"13,23";"12,10";"33,59";"0,00";"80%";"1,8000";"4";"0,00";"1,00";"0,00";"F";"F";"";"=""RE2106""";"";"";"";"=""208-B-05""";"";"";"F";"=""7899526577782""";"=""""";"STD";"";"";"";"";"";"PC";"";"60-ICMS ANTEC.S.TRIB";"0,00";"";"";"0.00";"0.00";"0.00";"0.00";"t";"=""""";"";"";"";"";"";"";"";"";
"46497";"";"VELA";"AQUECEDORA";"=""MR247""";"MANDO MACHINERY";"";"REN 2.8 MASTER/JUMPER";"";"8483.1090";"1,00";"3,00";"0,00";"7,14";"7,14";"14,28";"0,00";"80%";"1,8000";"4";"0,00";"1,00";"0,00";"F";"F";"";"=""MR247""";"";"";"";"=""208-B-05""";"";"";"F";"=""""";"=""""";"STD";"0";"";"";".";"";"PC";"";"60-ICMS ANTEC.S.TRIB";"0,00";"";"";"0.00";"0.00";"0.00";"0.00";"t";"=""""";"";"";"";"";"";"";"";"";
"46498";"";"VELA";"AQUECEDORA";"=""MT039""";"MANDO MACHINERY";"";"TOYOTA 2.8 HILUX";"";"8482.1090";"1,00";"3,00";"0,00";"5,56";"5,45";"9,81";"0,00";"80%";"1,8000";"0";"0,00";"1,00";"0,00";"F";"F";"";"=""MT039""";"";"";"";"=""213-C-04""";"";"";"F";"=""7899526534518""";"=""""";"STD";"0";"";"";".";"";"PC";"";"60-ICMS ANTEC.S.TRIB";"0,00";"";"";"0.00";"0.00";"0.00";"0.00";"f";"=""""";"";"";"";"";"";"";"";"";
"46499";"";"VELA";"IGNICAO";"=""3T-8706""";"CATERPILLAR";"";"CATERPILLAR 3204 (CURTA)(C9510)(3T-8706)(4N-0360)(6N-1058)";"(CURTA)";"8482.1090";"1,00";"3,00";"0,00";"20,00";"20,00";"36,00";"0,00";"80%";"1,8000";"0";"0,00";"1,00";"0,00";"F";"F";"";"=""3T-8706""";"";"";"";"=""102-D-04""";"";"";"F";"=""""";"=""""";"STD";"0";"";"";".";"";"PC";"";"60-ICMS ANTEC.S.TRIB";"0,00";"";"";"0.00";"0.00";"0.00";"0.00";"f";"=""""";"";"";"";"";"";"";"";"";
"46500";"";"VELA";"IGNICAO";"=""C9510""";"TARANTO";"";"CATERPILLAR 3204 (CURTA)(C9510)(3T-8706)(4N-0360)(6N-1058)";"(CURTA)";"8482.1090";"1,00";"3,00";"0,00";"28,78";"0,00";"51,80";"0,00";"80%";"1,8000";"0";"0,00";"1,00";"0,00";"F";"F";"";"=""C9510""";"";"";"";"=""""";"";"";"F";"=""""";"=""""";"STD";"0";"";"";".";"";"PC";"";"60-ICMS ANTEC.S.TRIB";"0,00";"";"";"0.00";"0.00";"0.00";"0.00";"f";"=""""";"";"";"";"";"";"";"";"";
"46501";"";"VELA";"IGNICAO";"=""3T-9562""";"CATERPILLAR";"";"CATERPILLAR 3304 3306 3406 (LONGA)(C9517)(3T-9562)(1P-7324)(3S-9624)";"(LONGA)";"8511.8010";"1,00";"3,00";"0,00";"14,80";"19,25";"34,65";"0,00";"80%";"1,8000";"0";"0,00";"1,00";"0,00";"F";"F";"";"=""3T-9562""";"";"";"";"=""""";"";"";"F";"=""""";"=""""";"STD";"0";"";"";".";"";"PC";"";"60-ICMS ANTEC.S.TRIB";"0,00";"";"";"0.00";"0.00";"0.00";"0.00";"t";"=""""";"";"";"";"";"";"";"";"";
"46502";"";"VELA";"IGNICAO";"=""C9517""";"TARANTO";"";"CATERPILLAR 3304 3306 3406 (LONGA)(C9517)(3T-9562)(1P-7324)(3S-9624)";"(LONGA)";"8511.8010";"1,00";"3,00";"0,00";"27,32";"0,00";"49,17";"0,00";"80%";"1,8000";"0";"0,00";"1,00";"0,00";"F";"F";"";"=""C9517""";"";"";"";"=""""";"";"";"F";"=""""";"=""""";"STD";"0";"";"";".";"";"PC";"";"60-ICMS ANTEC.S.TRIB";"0,00";"";"";"0.00";"0.00";"0.00";"0.00";"t";"=""""";"";"";"";"";"";"";"";"";
"46503";"";"VELA";"IGNICAO";"=""PA.F000KE0P19""";"PARALELO";"";"FIAT 1.0 16V FIRE";"";"8511.1000";"1,00";"3,00";"0,00";"0,00";"0,00";"0,00";"0,00";"80%";"1,8000";"0";"0,00";"1,00";"0,00";"F";"F";"";"=""PA.F000KE0P19""";"";"";"";"=""105-F-03""";"";"";"F";"=""""";"=""""";"STD";"0";"";"";".";"";"PC";"";"60-ICMS ANTEC.S.TRIB";"0,00";"";"";"0.00";"0.00";"0.00";"0.00";"t";"=""""";"";"";"";"";"";"";"";"";
"46504";"";"VELA";"IGNICAO";"=""C9176""";"TARANTO";"";"FIAT 2.3 16V F1A MULTJET 3.0 16V DUCATO F1C 10/... (C9176)(Y8005J)(5960A4)";"";"8511.8010";"1,00";"3,00";"0,00";"45,57";"36,37";"82,03";"0,00";"80%";"1,8000";"0";"0,00";"1,00";"0,00";"F";"F";"";"=""C9176""";"";"";"";"=""""";"";"";"F";"=""7793960763186""";"=""""";"STD";"";"";"";".";"";"PC";"";"60-ICMS ANTEC.S.TRIB";"0,00";"";"";"0.00";"0.00";"0.00";"0.00";"t";"=""""";"";"";"";"";"";"";"";"";
"46505";"";"VELA";"IGNICAO";"=""MI296""";"MANDO MACHINERY";"";"FIAT 2.5 DUCATO (MI296)";"";"8482.1090";"1,00";"3,00";"0,00";"6,80";"6,80";"12,24";"0,00";"80%";"1,8000";"0";"0,00";"1,00";"0,00";"F";"F";"";"=""MI296""";"";"";"";"=""213-C-04""";"";"";"F";"=""""";"=""""";"STD";"0";"";"";".";"";"PC";"";"60-ICMS ANTEC.S.TRIB";"0,00";"";"";"0.00";"0.00";"0.00";"0.00";"f";"=""""";"";"";"";"";"";"";"";"";
"46506";"";"VELA";"IGNICAO";"=""C9420""";"TARANTO";"";"FIAT 2.8 8V 8140.63 DUCATO 98/05 (C9420)(59624Z)";"";"8511.8010";"1,00";"3,00";"0,00";"27,32";"23,08";"49,17";"0,00";"80%";"1,8000";"4";"0,00";"1,00";"0,00";"F";"F";"";"=""C9420""";"";"";"";"=""309-G-03""";"";"";"F";"=""7793960763278""";"=""""";"STD";"";"";"";".";"";"PC";"";"60-ICMS ANTEC.S.TRIB";"0,00";"";"";"0.00";"0.00";"0.00";"0.00";"t";"=""""";"";"";"";"";"";"";"";"";
"46507";"";"VELA";"IGNICAO";"=""C9119""";"TARANTO";"";"FIAT 2.8 8V SOFIN DUCATO MB 2.4 8V 616 180D PEU 2.4 2.5 8V XD2 504 BOXER ASP/TURBO (RE2093)";"(ASP/TURBO)";"8482.1090";"1,00";"3,00";"0,00";"24,69";"0,00";"44,43";"0,00";"80%";"1,8000";"0";"0,00";"1,00";"0,00";"F";"F";"";"=""C9119""";"";"";"";"=""""";"";"";"F";"=""7793960763131""";"=""""";"STD";"0";"";"";".";"";"PC";"";"60-ICMS ANTEC.S.TRIB";"0,00";"";"";"0.00";"0.00";"0.00";"0.00";"f";"=""""";"";"";"";"";"";"";"";"";
"46508";"";"VELA";"IGNICAO";"=""RE2093""";"MANDO MACHINERY";"";"FIAT 2.8 8V SOFIN DUCATO MERCEDES 2.4 8V 616 180D PEUGEOT 2.4 2.5 8V XD2 504 BOXER ASP/TURBO (RE2093)";"(ASP/TURBO)";"8482.1090";"1,00";"3,00";"0,00";"4,01";"4,01";"7,22";"0,00";"80%";"1,8000";"0";"0,00";"1,00";"0,00";"F";"F";"";"=""RE2093""";"";"";"";"=""213-C-04""";"";"";"F";"=""""";"=""""";"STD";"0";"";"";".";"";"PC";"";"60-ICMS ANTEC.S.TRIB";"0,00";"";"";"0.00";"0.00";"0.00";"0.00";"f";"=""""";"";"";"";"";"";"";"";"";
"46509";"";"VELA";"IGNICAO";"=""MI117""";"MANDO MACHINERY";"";"FIAT 2.8 DUCATO 94/01 ASP (MI117)";"";"8482.1090";"2,00";"4,00";"0,00";"5,44";"5,44";"10,87";"0,00";"80%";"1,8000";"2";"0,00";"1,00";"0,00";"F";"F";"";"=""MI117""";"";"";"";"=""208-B-04""";"";"";"F";"=""""";"=""""";"STD";"0";"";"";".";"";"PC";"";"60-ICMS ANTEC.S.TRIB";"0,00";"";"";"0.00";"0.00";"0.00";"0.00";"f";"=""""";"";"";"";"";"";"";"";"";
"46510";"";"VELA";"IGNICAO";"=""PRSB7E6/G""";"KICTECH";"";"FIAT RENAULT 1.3 1.4 FIRE/SCENIC";"";"8511.1000";"1,00";"3,00";"0,00";"2,78";"2,78";"5,00";"0,00";"80%";"1,8000";"0";"0,00";"1,00";"0,00";"F";"F";"";"=""PRSB7E6/G""";"";"";"";"=""103-E-09""";"";"";"F";"=""PRSB7E6,G""";"=""""";"STD";"0";"";"";".";"";"PC";"";"60-ICMS ANTEC.S.TRIB";"0,00";"";"";"0.00";"0.00";"0.00";"0.00";"t";"=""""";"";"";"";"";"";"";"";"";
"46511";"";"VELA";"IGNICAO";"=""Q9973""";"TARANTO";"";"FORD 2.2 RANGER TRANSIT 12/... 3.2 RANGER 12/... (Q9973)(9675680980)";"";"8482.1090";"1,00";"3,00";"0,00";"69,23";"0,00";"124,61";"0,00";"80%";"1,8000";"0";"0,00";"1,00";"0,00";"F";"F";"";"=""Q9973""";"";"";"";"=""""";"";"";"F";"=""7793960763193""";"=""""";"STD";"0";"";"";".";"";"PC";"";"60-ICMS ANTEC.S.TRIB";"0,00";"";"";"0.00";"0.00";"0.00";"0.00";"f";"=""""";"";"";"";"";"";"";"";"";
"46512";"";"VELA";"IGNICAO";"=""PRXSB7Q6""";"KICTECH";"";"FORD 2.5 RANGER GAS";"";"8511.1000";"1,00";"3,00";"0,00";"2,78";"2,78";"5,00";"0,00";"80%";"1,8000";"0";"0,00";"1,00";"0,00";"F";"F";"";"=""PRXSB7Q6""";"";"";"";"=""103-E-09""";"";"";"F";"=""""";"=""""";"STD";"0";"";"";".";"";"PC";"";"60-ICMS ANTEC.S.TRIB";"0,00";"";"";"0.00";"0.00";"0.00";"0.00";"t";"=""""";"";"";"";"";"";"";"";"";
"46513";"";"VELA";"IGNICAO";"=""VEGM43""";"TAKAO";"";"GM 1.0 8V ECOSPORT 03/.. 1.4 8V CORCEL ../77 2.3 16V FUSION 4.3 12V V6 VORTEC (VEGM43)";"";"8511.1000";"1,00";"3,00";"0,00";"0,00";"14,98";"0,00";"0,00";"80%";"1,8000";"0";"0,00";"1,00";"0,00";"F";"F";"";"=""VEGM43""";"";"";"";"=""""";"";"";"F";"=""""";"=""""";"STD";"0";"";"";".";"";"PC";"";"60-ICMS ANTEC.S.TRIB";"0,00";"";"";"0.00";"0.00";"0.00";"0.00";"t";"=""""";"";"";"";"";"";"";"";"";
"46514";"";"VELA";"IGNICAO";"=""PRSB7E2Y""";"KICTECH";"";"GM/FORD VOLKSWAGEN 1.8 2.0 (ALC)";"(ALC)";"8511.1000";"1,00";"3,00";"0,00";"2,65";"2,65";"4,77";"0,00";"80%";"1,8000";"0";"0,00";"1,00";"0,00";"F";"F";"";"=""PRSB7E2Y""";"";"";"";"=""103-E-09""";"";"";"F";"=""""";"=""""";"STD";"0";"";"";".";"";"PC";"";"60-ICMS ANTEC.S.TRIB";"0,00";"";"";"0.00";"0.00";"0.00";"0.00";"t";"=""""";"";"";"";"";"";"";"";"";
"46515";"";"VELA";"IGNICAO";"=""MC303""";"MANDO MACHINERY";"";"INT 2.5 2.8 4.07 BLAZER S10 RANGER SPRINTER 310D (MC303)";"";"8482.1090";"1,00";"3,00";"0,00";"14,29";"14,29";"28,57";"0,00";"80%";"1,8000";"1";"0,00";"1,00";"0,00";"F";"F";"";"=""MC303""";"";"";"";"=""208-B-04""";"";"";"F";"=""MC303""";"=""""";"STD";"0";"";"";".";"";"PC";"";"60-ICMS ANTEC.S.TRIB";"0,00";"";"";"0.00";"0.00";"0.00";"0.00";"f";"=""""";"";"";"";"";"";"";"";"";
"46516";"";"VELA";"IGNICAO";"=""C9107""";"TARANTO";"";"JEEP 2.5 CHEROKEE CARAVAN 95/.. 3.1 GRAND CHEROKEE 99/00 (C9107)(60617002)";"";"8409.9990";"1,00";"3,00";"0,00";"27,32";"0,00";"49,17";"0,00";"80%";"1,8000";"0";"0,00";"1,00";"0,00";"F";"F";"";"=""C9107""";"";"";"";"=""""";"";"";"F";"=""""";"=""""";"STD";"0";"";"";".";"";"PC";"";"60-ICMS ANTEC.S.TRIB";"0,00";"";"";"0.00";"0.00";"0.00";"0.00";"t";"=""""";"";"";"";"";"";"";"";"";
"46517";"";"VELA";"IGNICAO";"=""135318140A""";"MANDO MACHINERY";"";"KIA 2.2 2.7 BESTA 93/99 K2700 97/12 2.0 2.2 8V SPORTAGE 95/03 (C9703)(4025139)";"";"8511.8010";"1,00";"3,00";"0,00";"6,02";"6,02";"10,84";"0,00";"80%";"1,8000";"0";"0,00";"1,00";"0,00";"F";"F";"";"=""135318140A""";"";"";"";"=""213-C-04""";"";"";"F";"=""""";"=""""";"STD";"0";"";"";".";"";"JG";"";"60-ICMS ANTEC.S.TRIB";"0,00";"";"";"0.00";"0.00";"0.00";"0.00";"t";"=""""";"";"";"";"";"";"";"";"";
"46518";"";"VELA";"IGNICAO";"=""C9703""";"TARANTO";"";"KIA 2.2 2.7 BESTA 93/99 K2700 97/12 2.0 2.2 8V SPORTAGE 95/03 (C9703)(4025139)";"";"8511.1000";"1,00";"3,00";"0,00";"27,32";"0,00";"49,17";"0,00";"80%";"1,8000";"0";"0,00";"1,00";"0,00";"F";"F";"";"=""C9703""";"";"";"";"=""""";"";"";"F";"=""""";"=""""";"STD";"0";"";"";".";"";"PC";"";"60-ICMS ANTEC.S.TRIB";"0,00";"";"";"0.00";"0.00";"0.00";"0.00";"t";"=""""";"";"";"";"";"";"";"";"";
"46519";"";"VELA";"IGNICAO";"=""C9314""";"TARANTO";"";"KIA 2.7 BESTA GS SPORTAGE 4WD (C9314)(VS01-18-601)";"";"8511.1000";"1,00";"3,00";"0,00";"27,32";"0,00";"49,17";"0,00";"80%";"1,8000";"0";"0,00";"1,00";"0,00";"F";"F";"";"=""C9314""";"";"";"";"=""""";"";"";"F";"=""7793960763124""";"=""""";"STD";"0";"";"";".";"";"PC";"";"60-ICMS ANTEC.S.TRIB";"0,00";"";"";"0.00";"0.00";"0.00";"0.00";"t";"=""""";"";"";"";"";"";"";"";"";
"46520";"";"VELA";"IGNICAO";"=""OK71E18140""";"MANDO MACHINERY";"";"KIA 2.7 BESTA GS SPORTAGE 4WD (C9314)(VS01-18-601)";"";"8511.1000";"1,00";"3,00";"0,00";"4,65";"2,03";"3,65";"0,00";"80%";"1,8000";"0";"0,00";"1,00";"0,00";"F";"F";"";"=""OK71E18140""";"";"";"";"=""213-C-04""";"";"";"F";"=""""";"=""""";"STD";"0";"";"";".";"";"PC";"";"60-ICMS ANTEC.S.TRIB";"0,00";"";"";"0.00";"0.00";"0.00";"0.00";"t";"=""""";"";"";"";"";"";"";"";"";
"46521";"";"VELA";"IGNICAO";"=""C9793""";"TARANTO";"";"MB 2.2 311 313 413 611 SPRINTER CDI 01/15 (C9793)(88900715)";"";"8482.1090";"1,00";"3,00";"0,00";"34,47";"0,00";"62,05";"0,00";"80%";"1,8000";"0";"0,00";"1,00";"0,00";"F";"F";"";"=""C9793""";"";"";"";"=""""";"";"";"F";"=""7793960763209""";"=""""";"STD";"0";"";"";".";"";"PC";"";"60-ICMS ANTEC.S.TRIB";"0,00";"";"";"0.00";"0.00";"0.00";"0.00";"f";"=""""";"";"";"";"";"";"";"";"";
"46522";"";"VELA";"IGNICAO";"=""MM210""";"MANDO MACHINERY";"";"MERCEDES 2.2 311 313 413 611 SPRINTER CDI 01/15 (C9793)(88900715)";"";"8482.1090";"1,00";"3,00";"0,00";"6,57";"10,89";"19,60";"0,00";"80%";"1,8000";"0";"0,00";"1,00";"0,00";"F";"F";"";"=""MM210""";"";"";"";"=""213-C-04""";"";"";"F";"=""""";"=""""";"STD";"0";"";"";".";"";"PC";"";"60-ICMS ANTEC.S.TRIB";"0,00";"";"";"0.00";"0.00";"0.00";"0.00";"f";"=""""";"";"";"";"";"";"";"";"";
"46523";"";"VELA";"IGNICAO";"=""C9145""";"TARANTO";"";"MERCEDES 616 180D 87/96 (C9145)(88900741)";"";"8484.1000";"1,00";"3,00";"0,00";"27,32";"0,00";"49,17";"0,00";"80%";"1,8000";"0";"0,00";"1,00";"0,00";"F";"F";"";"=""C9145""";"";"";"";"=""""";"";"";"F";"=""""";"=""""";"STD";"0";"";"";".";"";"PC";"";"60-ICMS ANTEC.S.TRIB";"0,00";"";"";"0.00";"0.00";"0.00";"0.00";"f";"=""""";"";"";"";"";"";"";"";"";
"46524";"";"VELA";"IGNICAO";"=""242229799""";"BOSCH";"";"MERCEDES A160 A190 CLASSIC C180 E320/420 SL280/320";"";"8511.1000";"1,00";"3,00";"0,00";"25,00";"25,00";"45,00";"0,00";"80%";"1,8000";"0";"0,00";"1,00";"0,00";"F";"F";"";"=""242229799""";"";"";"";"=""102-D-05""";"";"";"F";"=""""";"=""""";"STD";"0";"";"";".";"";"PC";"";"60-ICMS ANTEC.S.TRIB";"0,00";"";"";"0.00";"0.00";"0.00";"0.00";"t";"=""""";"";"";"";"";"";"";"";"";
"46525";"";"VELA";"IGNICAO";"=""C9741""";"TARANTO";"";"MIT 2.5 4D56 L200 PAJERO 86/90 H100 HR 97/02 (C9741)(MB0061)";"";"8511.8010";"1,00";"3,00";"15,21";"27,32";"23,21";"49,17";"0,00";"80%";"1,8000";"0";"0,00";"1,00";"0,00";"F";"F";"";"=""C9741""";"";"";"";"=""305-E-02""";"";"";"F";"=""7793960763162""";"=""""";"STD";"";"";"";".";"";"PC";"";"60-ICMS ANTEC.S.TRIB";"0,00";"";"";"0.00";"0.00";"0.00";"0.00";"t";"=""""";"";"";"";"";"";"";"";"";
"46526";"";"VELA";"IGNICAO";"=""MB0061""";"MANDO MACHINERY";"";"MITSUBISHI 2.5 4D56 L200 PAJERO 86/90 H100 HR 97/02 (C9741)(MB0061)";"";"8511.8010";"20,00";"22,00";"2,26";"30,00";"6,07";"54,00";"0,00";"80%";"1,8000";"12";"0,00";"1,00";"0,00";"F";"F";"";"=""MB0061""";"";"";"";"=""208-B-05""";"";"";"F";"=""7899526522331""";"=""""";"STD";"";"";"";"";"";"PC";"";"60-ICMS ANTEC.S.TRIB";"0,00";"";"4082";"5.23";"18.00";"0.85";"0.09";"t";"=""35200703458819000195550000002025471447602569""";"";"";"";"";"";"";"";"";
"46527";"";"VELA";"IGNICAO";"=""C9212""";"TARANTO";"";"MIT 2.5 4D56T 3.2 4M41 L200 TRITON (C9212)(1820A-006T)";"";"8511.8010";"1,00";"3,00";"28,35";"43,27";"43,27";"77,88";"0,00";"80%";"1,8000";"0";"0,00";"1,00";"0,00";"F";"F";"";"=""C9212""";"";"";"";"=""305-D-01""";"";"";"F";"=""7793960763155""";"=""""";"STD";"";"";"";".";"";"PC";"";"60-ICMS ANTEC.S.TRIB";"0,00";"";"";"0.00";"0.00";"0.00";"0.00";"t";"=""""";"";"";"";"";"";"";"";"";
"46528";"";"VELA";"IGNICAO";"=""MB0265""";"MANDO MACHINERY";"";"MITSUBISHI 2.5 4D56T 3.2 4M41 L200 TRITON (C9212)(1820A-006T)";"";"8482.1090";"1,00";"3,00";"0,00";"18,70";"18,70";"33,66";"0,00";"80%";"1,8000";"0";"0,00";"1,00";"0,00";"F";"F";"";"=""MB0265""";"";"";"";"=""213-C-04""";"";"";"F";"=""""";"=""""";"STD";"0";"";"";".";"";"PC";"";"60-ICMS ANTEC.S.TRIB";"0,00";"";"";"0.00";"0.00";"0.00";"0.00";"f";"=""""";"";"";"";"";"";"";"";"";
"46529";"";"VELA";"IGNICAO";"=""C9351""";"TARANTO";"";"MIT 2.5 4D56T 94/96 4D56 99/... L200 (C9351)(MD301950)";"";"8511.8010";"1,00";"3,00";"15,21";"27,32";"23,21";"49,17";"0,00";"80%";"1,8000";"0";"0,00";"1,00";"0,00";"F";"F";"";"=""C9351""";"";"";"";"=""305-D-01""";"";"";"F";"=""7793960763223""";"=""""";"STD";"";"";"";".";"";"PC";"";"60-ICMS ANTEC.S.TRIB";"0,00";"";"";"0.00";"0.00";"0.00";"0.00";"t";"=""""";"";"";"";"";"";"";"";"";
"46530";"";"VELA";"IGNICAO";"=""C9101""";"TARANTO";"";"MIT 2.5 L200 D 97/... PAJERO 93/99 TD27T (C9101)(1952464)";"";"8482.1090";"1,00";"3,00";"0,00";"24,34";"19,43";"43,82";"0,00";"80%";"1,8000";"1";"0,00";"1,00";"0,00";"F";"F";"";"=""C9101""";"";"";"";"=""305-D-01""";"";"";"F";"=""7793960763148""";"=""""";"STD";"0";"";"";".";"";"PC";"";"60-ICMS ANTEC.S.TRIB";"0,00";"";"";"0.00";"0.00";"0.00";"0.00";"f";"=""""";"";"";"";"";"";"";"";"";
"46531";"";"VELA";"IGNICAO";"=""C9600""";"TARANTO";"";"MIT 2.5 L200 GL 93/96 PAJERO 00/06 PAJERO SPORT TD 98/... (C9600)(36710-42500)";"";"8482.1090";"1,00";"3,00";"0,00";"27,32";"23,08";"49,17";"0,00";"80%";"1,8000";"1";"0,00";"1,00";"0,00";"F";"F";"";"=""C9600""";"";"";"";"=""305-D-01""";"";"";"F";"=""7793960763285""";"=""""";"STD";"0";"";"";".";"";"PC";"";"60-ICMS ANTEC.S.TRIB";"0,00";"";"";"0.00";"0.00";"0.00";"0.00";"f";"=""""";"";"";"";"";"";"";"";"";
"46532";"";"VELA";"IGNICAO";"=""C9927""";"TARANTO";"";"MIT 2.8 4M40 4M40T PAJERO (C9927)(11065-4P400)";"";"8511.8010";"1,00";"3,00";"16,11";"27,32";"24,60";"49,17";"0,00";"80%";"1,8000";"0";"0,00";"1,00";"0,00";"F";"F";"";"=""C9927""";"";"";"";"=""305-E-02""";"";"";"F";"=""7793960763216""";"=""""";"STD";"";"";"";".";"";"PC";"";"60-ICMS ANTEC.S.TRIB";"0,00";"";"";"0.00";"0.00";"0.00";"0.00";"t";"=""""";"";"";"";"";"";"";"";"";
"46533";"";"VELA";"IGNICAO";"=""C9685""";"TARANTO";"";"NIS 2.5 16V YD25 FRONTIER 08/... (50272)(C9685)(11065-AD200)";"";"8511.8010";"1,00";"3,00";"42,52";"64,90";"64,90";"116,82";"0,00";"80%";"1,8000";"0";"0,00";"1,00";"0,00";"F";"F";"";"=""C9685""";"";"";"";"=""305-E-02""";"";"";"F";"=""7793960763247""";"=""""";"STD";"";"";"";".";"";"PC";"";"60-ICMS ANTEC.S.TRIB";"0,00";"";"";"0.00";"0.00";"0.00";"0.00";"t";"=""""";"";"";"";"";"";"";"";"";
"46534";"";"VELA";"IGNICAO";"=""C9687""";"TARANTO";"";"NISSAN 3.0 ZD30 DDTI CARAVAN REGULUS (C9687)(11065-2W202)";"";"8409.9914";"1,00";"3,00";"0,00";"72,60";"0,00";"130,68";"0,00";"80%";"1,8000";"0";"0,00";"1,00";"0,00";"F";"F";"";"=""C9687""";"";"";"";"=""""";"";"";"F";"=""""";"=""""";"STD";"0";"";"";".";"";"PC";"";"60-ICMS ANTEC.S.TRIB";"0,00";"";"";"0.00";"0.00";"0.00";"0.00";"t";"=""""";"";"";"";"";"";"";"";"";
"46535";"";"VELA";"IGNICAO";"=""VED19""";"TAKAO";"";"NISSAN K25 EMPILHADEIRA (VED19)";"";"8409.9914";"1,00";"3,00";"18,59";"18,59";"15,58";"33,46";"0,00";"80%";"1,8000";"0";"0,00";"1,00";"0,00";"F";"F";"";"=""VED19""";"";"";"";"=""407-A-06""";"";"";"F";"=""""";"=""""";"STD";"";"";"";".";"";"PC";"";"60-ICMS ANTEC.S.TRIB";"0,00";"";"";"0.00";"0.00";"0.00";"0.00";"t";"=""""";"";"";"";"";"";"";"";"";
"46536";"";"VELA";"IGNICAO";"=""C9900""";"TARANTO";"";"PERKINS 3152 4236 4248 6354 (C9900)(83956253)";"";"8511.8090";"1,00";"3,00";"32,65";"55,36";"49,83";"99,65";"0,00";"80%";"1,8000";"0";"0,00";"1,00";"0,00";"F";"F";"";"=""C9900""";"";"";"";"=""305-E-02""";"";"";"F";"=""7793960763292""";"=""""";"STD";"";"";"";".";"";"PC";"";"60-ICMS ANTEC.S.TRIB";"0,00";"";"";"0.00";"0.00";"0.00";"0.00";"f";"=""""";"";"";"";"";"";"";"";"";
"46537";"";"VELA";"IGNICAO";"=""PRTSB8E6A""";"KICTECH";"";"RENAULT 1.0 16V 3.0 V6 BITURBO (264CV)";"";"8511.1000";"1,00";"3,00";"0,00";"3,21";"3,21";"5,78";"0,00";"80%";"1,8000";"0";"0,00";"1,00";"0,00";"F";"F";"";"=""PRTSB8E6A""";"";"";"";"=""103-E-09""";"";"";"F";"=""""";"=""""";"STD";"0";"";"";".";"";"PC";"";"60-ICMS ANTEC.S.TRIB";"0,00";"";"";"0.00";"0.00";"0.00";"0.00";"t";"=""""";"";"";"";"";"";"";"";"";
"46538";"";"VELA";"IGNICAO";"=""C9174""";"TARANTO";"";"SSANGYONG 2.7 KYRON REXTON RODIUS KORANDO 00/02 2.9 MUSSO 95/97 (C9174)(6641590001)";"";"8482.1090";"1,00";"3,00";"0,00";"43,27";"0,00";"77,88";"0,00";"80%";"1,8000";"0";"0,00";"1,00";"0,00";"F";"F";"";"=""C9174""";"";"";"";"=""""";"";"";"F";"=""""";"=""""";"STD";"0";"";"";".";"";"PC";"";"60-ICMS ANTEC.S.TRIB";"0,00";"";"";"0.00";"0.00";"0.00";"0.00";"f";"=""""";"";"";"";"";"";"";"";"";
"46539";"";"VELA";"IGNICAO";"=""C9728""";"TARANTO";"";"TOYOTA 2.4 2L HILUX 92/98 2.8 3L HILUX 98/01 (C9728)(19850-45030)";"";"8482.1090";"1,00";"3,00";"0,00";"27,32";"0,00";"49,17";"0,00";"80%";"1,8000";"0";"0,00";"1,00";"0,00";"F";"F";"";"=""C9728""";"";"";"";"=""""";"";"";"F";"=""""";"=""""";"STD";"0";"";"";".";"";"PC";"";"60-ICMS ANTEC.S.TRIB";"0,00";"";"";"0.00";"0.00";"0.00";"0.00";"f";"=""""";"";"";"";"";"";"";"";"";
"46540";"";"VELA";"IGNICAO";"=""MT3352""";"MANDO MACHINERY";"";"TOYOTA 2.4 2L HILUX 92/98 2.8 3L HILUX 98/01 (C9728)(19850-45030)";"";"8482.1090";"1,00";"3,00";"0,00";"4,19";"4,19";"7,54";"0,00";"80%";"1,8000";"0";"0,00";"1,00";"0,00";"F";"F";"";"=""MT3352""";"";"";"";"=""213-C-04""";"";"";"F";"=""""";"=""""";"STD";"0";"";"";".";"";"PC";"";"60-ICMS ANTEC.S.TRIB";"0,00";"";"";"0.00";"0.00";"0.00";"0.00";"f";"=""""";"";"";"";"";"";"";"";"";
"46541";"";"VELA";"IGNICAO";"=""C9692""";"TARANTO";"";"TOY 2.5 2KD HILUX 04/... 3.0 1KD HILUX 12/... (C9692)(19850-0L010)";"";"8482.1090";"1,00";"3,00";"0,00";"43,27";"40,63";"77,88";"0,00";"80%";"1,8000";"1";"0,00";"1,00";"0,00";"F";"F";"";"=""C9692""";"";"";"";"=""305-D-01""";"";"";"F";"=""2785960763094""";"=""""";"STD";"0";"";"";".";"";"PC";"";"60-ICMS ANTEC.S.TRIB";"0,00";"";"";"0.00";"0.00";"0.00";"0.00";"f";"=""""";"";"";"";"";"";"";"";"";
"46542";"";"VELA";"IGNICAO";"=""MT3115""";"MANDO MACHINERY";"";"TOYOTA 2.5 2KD HILUX 04/.. 3.0 1KD HILUX 12/.. (C9692)(19850-0L010)";"";"8511.8010";"1,00";"3,00";"6,23";"16,26";"16,67";"30,01";"0,00";"80%";"1,8000";"8";"0,00";"1,00";"0,00";"F";"F";"";"=""MT3115""";"";"";"";"=""208-B-05""";"";"";"F";"=""7899526536949""";"=""""";"STD";"";"";"";".";"";"PC";"";"60-ICMS ANTEC.S.TRIB";"0,00";"";"";"0.00";"0.00";"0.00";"0.00";"t";"=""""";"";"";"";"";"";"";"";"";
"46543";"";"VELA";"IGNICAO";"=""C9676""";"TARANTO";"";"TOY 3.0 1KZTE HILUX 01/05 DIESEL (C9676)(19850-67020)";"";"8511.8010";"1,00";"3,00";"0,00";"28,78";"0,00";"51,80";"0,00";"80%";"1,8000";"0";"0,00";"1,00";"0,00";"F";"F";"";"=""C9676""";"";"";"";"=""""";"";"";"F";"=""7793960763179""";"=""""";"STD";"";"";"";".";"";"PC";"";"60-ICMS ANTEC.S.TRIB";"0,00";"";"";"0.00";"0.00";"0.00";"0.00";"t";"=""""";"";"";"";"";"";"";"";"";
"46544";"";"VELA";"IGNICAO";"=""MT055""";"MANDO MACHINERY";"";"TOYOTA 3.0 1KZTE HILUX 01/05 DIESEL (C9676)(19850-67020)";"";"8482.1090";"3,00";"5,00";"0,00";"5,79";"6,55";"23,03";"0,00";"80%";"1,8000";"2";"0,00";"1,00";"0,00";"F";"F";"";"=""MT055""";"";"";"";"=""208-B-05""";"";"";"F";"=""7899526534662""";"=""""";"STD";"0";"";"";".";"";"PC";"";"60-ICMS ANTEC.S.TRIB";"0,00";"";"";"0.00";"0.00";"0.00";"0.00";"f";"=""""";"";"";"";"";"";"";"";"";
"46545";"";"VELA";"IGNICAO";"=""PRTSB6E6A""";"KICTECH";"";"VOLKSWAGEN 1.6 8V GOLF FOX EA111";"";"8511.1000";"1,00";"3,00";"0,00";"3,11";"3,11";"5,60";"0,00";"80%";"1,8000";"0";"0,00";"1,00";"0,00";"F";"F";"";"=""PRTSB6E6A""";"";"";"";"=""103-E-09""";"";"";"F";"=""""";"=""""";"STD";"";"";"LOJA";"";"";"PC";"";"60-ICMS ANTEC.S.TRIB";"0,00";"";"";"0.00";"0.00";"0.00";"0.00";"t";"=""""";"";"";"";"";"";"";"";"";
"46546";"";"VELA";"IGNICAO";"=""PRSB8E6""";"KICTECH";"";"VOLKSWAGEN 1.6 8V PARATI/SAVEIRO 06/..";"";"8511.1000";"1,00";"3,00";"0,00";"2,68";"2,68";"4,82";"0,00";"80%";"1,8000";"0";"0,00";"1,00";"0,00";"F";"F";"";"=""PRSB8E6""";"";"";"";"=""103-E-09""";"";"";"F";"=""PRSB8E6""";"=""""";"STD";"0";"";"";".";"";"PC";"";"60-ICMS ANTEC.S.TRIB";"0,00";"";"";"0.00";"0.00";"0.00";"0.00";"t";"=""""";"";"";"";"";"";"";"";"";
"46547";"";"VELA";"IGNICAO";"=""C9116""";"TARANTO";"";"VW 1.6 KOMBI 81/96 DIESEL (C9116)(59621Z)";"";"8511.1000";"1,00";"3,00";"0,00";"24,69";"0,00";"44,43";"0,00";"80%";"1,8000";"0";"0,00";"1,00";"0,00";"F";"F";"";"=""C9116""";"";"";"";"=""""";"";"";"F";"=""7793960763261""";"=""""";"STD";"0";"";"";".";"";"PC";"";"60-ICMS ANTEC.S.TRIB";"0,00";"";"";"0.00";"0.00";"0.00";"0.00";"t";"=""""";"";"";"";"";"";"";"";"";
"46548";"";"VELA";"IGNICAO";"=""Q9958""";"TARANTO";"";"VW 2.0 16V AMAROK 12/... DIESEL (Q9958)(95517032090)";"";"8484.1000";"1,00";"3,00";"0,00";"61,12";"0,00";"110,01";"0,00";"80%";"1,8000";"0";"0,00";"1,00";"0,00";"F";"F";"";"=""Q9958""";"";"";"";"=""""";"";"";"F";"=""7793960763308""";"=""""";"STD";"0";"";"";".";"";"PC";"";"60-ICMS ANTEC.S.TRIB";"0,00";"";"";"0.00";"0.00";"0.00";"0.00";"f";"=""""";"";"";"";"";"";"";"";"";
"46549";"";"VELA";"IGNICAO";"=""VEGM25""";"TAKAO";"";"Emp. Motor Chrysler GM/ Toyota 2.2-4Y/2.5-151 3.9-H239/4.1-250";"";"8511.1000";"0,00";"0,00";"0,00";"0,00";"0,00";"0,00";"0,00";"80%";"1,8000";"0";"0,00";"1,00";"0,00";"F";"F";"";"=""VEGM25 STD""";"";"";"";"=""""";"";"";"F";"=""7899747845462""";"=""""";" STD";"0";"";"";".";"";"PC";"";"60-ICMS ANTEC.S.TRIB";"0,00";"";"";"0.00";"0.00";"0.00";"0.00";"t";"=""""";"";"";"";"";"";"";"";"";
"46550";"";"VELA";"IGNICAO";"=""F000KE0930""";"BOSCH";"";"VOLKSWAGEN 1.0 1.4 1.6 GOL KOMBI (TODOS)(F000KE0P30)";"(TODOS)";"8511.1000";"0,00";"0,00";"0,00";"10,01";"10,01";"18,02";"0,00";"80%";"1,8000";"0";"0,00";"4,00";"0,00";"F";"F";"";"=""F000KE0930""";"";"";"";"=""""";"";"";"F";"=""""";"=""""";"STD";"";"";"LOJA";"";"";"PC";"";"60-ICMS ANTEC.S.TRIB";"0,00";"";"";"0.00";"0.00";"0.00";"0.00";"t";"=""""";"";"";"";"";"";"";"";"";
"47330";"";"VELA";"AQUECEDORA";"=""MVW289""";"MANDO MACHINERY";"";"VW KOMBI (MVW289)";"";"8484.1000";"1,00";"3,00";"0,00";"2,34";"5,93";"10,67";"0,00";"80%";"1,8000";"0";"0,00";"1,00";"0,00";"F";"F";"";"=""MVW289""";"";"";"";"=""""";"";"";"F";"=""""";"=""""";"STD";"";"";"";".";"";"PC";"";"60-ICMS ANTEC.S.TRIB";"0,00";"";"0";"0.00";"0.00";"0.00";"0.00";"f";"=""""";"";"";"0.0000";"";"";"";"";"";
"47390";"";"VELA";"AQUECEDORA";"=""MVW432""";"MANDO MACHINERY";"";"VW AMAROK (MVW432)";"";"8484.1000";"1,00";"3,00";"0,00";"0,00";"0,00";"0,00";"0,00";"80%";"1,8000";"0";"0,00";"1,00";"0,00";"F";"F";"";"=""MVW432""";"";"";"";"=""""";"";"";"F";"=""""";"=""""";"STD";"";"";"";".";"";"PC";"";"60-ICMS ANTEC.S.TRIB";"0,00";"";"0";"0.00";"0.00";"0.00";"0.00";"f";"=""""";"";"";"0.0000";"";"";"";"";"";
"47728";"";"VELA";"AQUECEDORA";"=""006224""";"MANDO MACHINERY";"";"GM 2.0 TRACKER";"";"8511.8010";"1,00";"3,00";"0,00";"0,00";"0,00";"0,00";"0,00";"80%";"1,8000";"0";"0,00";"1,00";"0,00";"F";"F";"";"=""006224""";"";"";"";"=""""";"";"";"F";"=""""";"=""""";"STD";"";"";"";".";"";"PC";"";"60-ICMS ANTEC.S.TRIB";"0,00";"";"0";"0.00";"0.00";"0.00";"0.00";"t";"=""""";"";"";"0.0000";"";"";"";"";"";
"47980";"";"VELA";"AQUECEDORA";"=""42736""";"ARCO";"";"KIA 2.5 16V SORENTO HR K2500";"";"8511.8010";"1,00";"3,00";"48,00";"48,00";"48,00";"86,40";"0,00";"80%";"1,8000";"0";"0,00";"1,00";"0,00";"F";"F";"";"=""42736""";"";"";"";"=""""";"";"";"F";"=""""";"=""""";"STD";"";"";"";".";"";"PC";"";"60-ICMS ANTEC.S.TRIB";"0,00";"";"";"0.00";"0.00";"0.00";"0.00";"t";"=""""";"";"";"0.0000";"";"";"";"";"";
"47982";"";"VELA";"CABO";"=""F00099C142""";"BOSCH";"";"FORD ZETEC 1.6 8V";"(TODOS)";"8544.3000";"0,00";"0,00";"69,50";"69,50";"69,50";"125,10";"0,00";"80%";"1,8000";"0";"0,00";"1,00";"0,00";"F";"F";"";"=""F00099C142""";"";"";"";"=""""";"";"";"F";"=""4047026263022""";"=""""";"STD";"";"";"";".";"";"PC";"";"60-ICMS ANTEC.S.TRIB";"0,00";"";"";"0.00";"0.00";"0.00";"0.00";"f";"=""""";"";"";"0.0000";"";"";"";"";"";
"47983";"";"VELA";"IGNICAO";"=""F000KE0P10""";"BOSCH";"";"FORD ZETEC 1.6 8V";"(TODOS)";"8511.1000";"0,00";"0,00";"11,50";"11,50";"11,50";"20,70";"0,00";"80%";"1,8000";"0";"0,00";"1,00";"0,00";"F";"F";"";"=""F000KE0P10""";"";"";"";"=""""";"";"";"F";"=""""";"=""""";"STD";"";"";"";".";"";"PC";"";"60-ICMS ANTEC.S.TRIB";"0,00";"";"";"0.00";"0.00";"0.00";"0.00";"t";"=""""";"";"";"0.0000";"";"";"";"";"";
"48030";"";"VELA";"IGNICAO";"=""F000KE0P30""";"BOSCH";"";"VOLKSWAGEN VOYAGE 1.6 2018";"";"8511.1000";"0,00";"0,00";"10,71";"10,71";"10,71";"19,28";"0,00";"80%";"1,8000";"0";"0,00";"1,00";"0,00";"F";"F";"";"=""F000KE0P30""";"";"";"";"=""""";"";"";"F";"=""4047024656727""";"=""""";"STD";"";"";"";"";"";"PC";"";"60-ICMS ANTEC.S.TRIB";"0,00";"";"";"0.00";"0.00";"0.00";"0.00";"t";"=""""";"";"";"0.0000";"";"";"";"";"";
"48053";"";"VELA";"AQUECEDORA";"=""2607""";"IMPORTADO";"";"KIA 2.5 16V SORENTO HR K2500";"";"8511.8010";"1,00";"3,00";"22,00";"34,19";"22,00";"39,60";"0,00";"80%";"1,8000";"0";"0,00";"1,00";"0,00";"F";"F";"";"=""2607""";"";"";"";"=""""";"";"";"F";"=""""";"=""""";"STD";"";"";"";"";"";"PC";"";"60-ICMS ANTEC.S.TRIB";"0,00";"";"4181";"17.77";"18.00";"2.85";"1.00";"t";"=""43200807393647000170550010000284171478483571""";"";"";"0.0000";"";"";"";"";"";
"48145";"";"VELA";"IGNICAO";"=""BKR6E""";"NGK";"";"FIAT EVO 1.0";"";"8511.1000";"0,00";"0,00";"11,98";"11,98";"11,98";"21,56";"0,00";"80%";"1,8000";"4";"4,00";"4,00";"4,00";"F";"F";"";"=""BKR6E""";"";"";"";"=""""";"";"";"F";"=""7897707507009""";"=""""";"";"";"";"LOJA";"";"";"PC";"BKR6E";"60-ICMS ANTEC.S.TRIB";"0,00";"";"3786";"15.39";"18.00";"1.90";"0.87";"t";"=""43200789425615000505550020004851391612925488""";"";"";"0.0000";"";"";"";"";"";
"48221";"";"VELA";"IGNICAO";"=""F000KE0P07""";"BOSCH";"";"FIAT FIRE";"";"8511.1000";"0,00";"0,00";"8,70";"8,70";"8,70";"15,66";"0,00";"80%";"1,8000";"0";"0,00";"0,00";"0,00";"F";"F";"";"=""F000KE0P07""";"";"";"";"=""""";"";"";"F";"=""""";"=""""";"";"";"";"";"";"";"PC";"";"";"0,00";"";"";"0.00";"0.00";"0.00";"0.00";"t";"=""""";"";"";"0.0000";"";"";"";"";"";
"48222";"";"VELA";"IGNICAO";"=""F000KE0P39""";"";"";"FIAT 2.0 MAREA UNO MILLE";"";"8511.1000";"0,00";"0,00";"9,50";"9,50";"9,50";"17,10";"0,00";"80%";"1,8000";"0";"0,00";"0,00";"0,00";"F";"F";"";"=""F000KE0P39""";"";"";"";"=""""";"";"";"F";"=""""";"=""""";"";"";"";"";"";"";"PC";"";"";"0,00";"";"";"0.00";"0.00";"0.00";"0.00";"t";"=""""";"";"";"0.0000";"";"";"";"";"";
"48253";"";"VELA";"AQUECEDORA";"=""DS-004""";"DELPHI";"";"MITSUBISHI L200 2.5 TDI/ISUZU 3.1
TD/NISSAN 3.2TD/H100";"";"8511.8010";"1,00";"3,00";"0,00";"38,62";"38,62";"69,52";"0,00";"80%";"1,8000";"0";"0,00";"1,00";"0,00";"F";"F";"";"=""DS-004""";"";"";"";"=""""";"";"";"F";"=""""";"=""""";"STD";"";"";"";"";"";"PC";"";"60-ICMS ANTEC.S.TRIB";"0,00";"";"0";"0.00";"0.00";"0.00";"0.00";"t";"=""""";"";"";"0.0000";"";"";"";"";"";
"48406";"";"VELA";"IGNICAO";"=""BKR6ESZ-10""";"NGK";"";"RENAULT CLIO/KANGOO 1.6 16V 2004/ - SCENIC 1.6";"";"8511.1000";"0,00";"0,00";"14,60";"14,60";"14,60";"26,28";"0,00";"80%";"1,8000";"16";"4,00";"0,00";"4,00";"F";"F";"";"=""BKR6ESZ-10""";"";"";"";"=""""";"";"";"F";"=""7897707509713""";"=""""";"";"";"";"LOJA";"";"";"PC";"BKR6ESZ-10";"";"0,00";"";"3786";"17.83";"18.00";"2.20";"1.01";"t";"=""43200789425615000505550020004851391612925488""";"";"";"0.0000";"";"";"";"";"";
"48407";"";"VELA";"IGNICAO";"=""BKR5EKC""";"NGK";"";"FIAT PALIO/SIENA 1.5/1.6";"";"8511.1000";"0,00";"0,00";"17,42";"17,42";"17,42";"31,36";"0,00";"80%";"1,8000";"4";"4,00";"0,00";"4,00";"F";"F";"";"=""BKR5EKC""";"";"";"";"=""""";"";"";"F";"=""7897707507092""";"=""""";"";"";"";"LOJA";"";"";"PC";"BKR5EKC";"";"0,00";"";"3786";"20.16";"18.00";"2.49";"1.14";"t";"=""43200789425615000505550020004851391612925488""";"";"";"0.0000";"";"";"";"";"";
"48408";"";"VELA";"IGNICAO";"=""LZKAR7A""";"NGK";"";"PEUGEOT 206 1.0 16V - CLIO/KANGOO 1.0 16V";"";"8511.1000";"0,00";"0,00";"16,37";"16,37";"16,37";"29,47";"0,00";"80%";"1,8000";"8";"4,00";"0,00";"4,00";"F";"F";"";"=""LZKAR7A""";"";"";"";"=""""";"";"";"F";"=""""";"=""""";"";"";"";"LOJA";"";"";"PC";"LZKAR7A";"";"0,00";"";"3786";"19.99";"18.00";"2.47";"1.13";"t";"=""43200789425615000505550020004851391612925488""";"";"";"0.0000";"";"";"";"";"";
"48409";"";"VELA";"IGNICAO";"=""LFR6B*A""";"NGK";"";"PEUGEOT 206/307 1.6 16V 01/ - CITROEN XSARA/PICASSO 1.6 16V";"";"8511.1000";"0,00";"0,00";"21,71";"21,71";"21,71";"39,08";"0,00";"80%";"1,8000";"24";"4,00";"0,00";"4,00";"F";"F";"";"=""LFR6B*A""";"";"";"";"=""""";"";"";"F";"=""""";"=""""";"";"";"";"LOJA";"";"";"PC";"LFR6B*A";"";"0,00";"";"3786";"26.50";"18.00";"3.27";"1.50";"t";"=""43200789425615000505550020004851391612925488""";"";"";"0.0000";"";"";"";"";"";
"48410";"";"VELA";"IGNICAO";"=""LFR5B*A""";"NGK";"";"PEUGEOT 307/407 2.0 16V 2003/ - CITROEN XSARA PICASSO 2.0 16V 2001";"";"8511.1000";"0,00";"0,00";"21,71";"21,71";"21,71";"39,08";"0,00";"80%";"1,8000";"20";"4,00";"0,00";"4,00";"F";"F";"";"=""LFR5B*A""";"";"";"";"=""""";"";"";"F";"=""2000000036724""";"=""""";"";"";"";"LOJA";"";"";"PC";"LFR5B*A";"";"0,00";"";"3786";"26.50";"18.00";"3.27";"1.50";"t";"=""43200789425615000505550020004851391612925488""";"";"";"0.0000";"";"";"";"";"";
"48411";"";"VELA";"IGNICAO";"=""BKR5EYA""";"NGK";"";"TOYOTA COROLLA 1.6/1.8 16V 92/97 - HILUX 2.7 98/ - LAND CRUISER 4.5 SW4";"";"8511.1000";"0,00";"0,00";"17,52";"17,52";"17,52";"31,54";"0,00";"80%";"1,8000";"12";"4,00";"0,00";"4,00";"F";"F";"";"=""BKR5EYA""";"";"";"";"=""""";"";"";"F";"=""7897707509973""";"=""""";"";"";"";"LOJA";"";"";"PC";"BKR5EYA";"";"0,00";"";"3786";"18.87";"18.00";"2.33";"1.07";"t";"=""43200789425615000505550020004851391612925488""";"";"";"0.0000";"";"";"";"";"";
"48412";"";"VELA";"IGNICAO";"=""BKR5EYA-11""";"NGK";"";"TOYOTA COROLLA 1.6/1.8 16V VVTI DOHC 2002/ - CORONA 93/99 - FIELDER 2004";"";"8511.1000";"0,00";"0,00";"15,46";"15,46";"15,46";"27,83";"0,00";"80%";"1,8000";"8";"4,00";"0,00";"4,00";"F";"F";"";"=""BKR5EYA-11""";"";"";"";"=""""";"";"";"F";"=""7897707508914""";"=""""";"";"";"";"LOJA";"";"";"PC";"BKR5EYA-11";"";"0,00";"";"3786";"18.87";"18.00";"2.33";"1.07";"t";"=""43200789425615000505550020004851391612925488""";"";"";"0.0000";"";"";"";"";"";
"48413";"";"VELA";"IGNICAO";"=""BKUR7ETB-10""";"NGK";"";"VOLKSWAGEN GOL/PARATI 1.0 MI 16V - 97/07.2001";"";"8511.1000";"0,00";"0,00";"16,52";"16,52";"16,52";"29,74";"0,00";"80%";"1,8000";"8";"4,00";"4,00";"4,00";"F";"F";"";"=""BKUR7ETB-10""";"";"";"";"=""""";"";"";"F";"=""7897707507139""";"=""""";"";"";"";"LOJA";"";"";"PC";"BKUR7ETB-10";"";"0,00";"";"3786";"20.16";"18.00";"2.49";"1.14";"t";"=""43200789425615000505550020004851391612925488""";"";"";"0.0000";"";"";"";"";"";
"48414";"";"VELA";"IGNICAO";"=""BKR7ESB""";"NGK";"";"VOLKSWAGEN GOL/PARATI/SAVEIRO 1.0/1.6 8V 10.2005/ - FOX 1.0 8V 04.2005";"";"8511.1000";"0,00";"0,00";"14,00";"14,00";"14,00";"25,20";"0,00";"80%";"1,8000";"8";"4,00";"0,00";"4,00";"F";"F";"";"=""BKR7ESB""";"";"";"";"=""""";"";"";"F";"=""7897707509775""";"=""""";"";"";"";"LOJA";"";"";"PC";"BKR7ESB";"";"0,00";"";"";"0.00";"0.00";"0.00";"0.00";"t";"=""""";"";"";"0.0000";"";"";"";"";"";
"48415";"";"VELA";"IGNICAO";"=""BKUR6ETC-10""";"NGK";"";"VOLKSWAGEN GOL/PARATI/SAVEIRO TOTALFLEX 1.6 8V 05.03/10.06 - BICOMBUSTIVEL";"";"8511.1000";"0,00";"0,00";"18,72";"18,72";"18,72";"33,70";"0,00";"80%";"1,8000";"8";"4,00";"4,00";"4,00";"F";"F";"";"=""BKUR6ETC-10""";"";"";"";"=""""";"";"";"F";"=""7897707510597""";"=""""";"";"";"";"LOJA";"";"";"PC";"BKUR6ETC-10";"";"0,00";"";"3786";"18.18";"18.00";"2.17";"1.11";"t";"=""43200789425615000505550020004851391612925488""";"";"";"0.0000";"";"";"";"";"";
"48416";"";"VELA";"IGNICAO";"=""BKUR5ETC-10""";"NGK";"";"VW GOLF A4 1.6 8V - GOL POWER/FOX";"";"8511.1000";"0,00";"0,00";"16,52";"16,52";"16,52";"29,74";"0,00";"80%";"1,8000";"4";"4,00";"4,00";"4,00";"F";"F";"";"=""BKUR5ETC-10""";"";"";"";"=""""";"";"";"F";"=""7897707510566""";"=""""";"";"";"";"LOJA";"";"";"PC";"BKUR5ETC-10";"";"0,00";"";"3786";"20.16";"18.00";"2.49";"1.14";"t";"=""43200789425615000505550020004851391612925488""";"";"";"0.0000";"";"";"";"";"";
"48417";"";"VELA";"IGNICAO";"=""BPR6EY""";"NGK";"";"GM CORSA/CELTA/OMEGA - GASOLINA/ETANOL/GNV";"";"8511.1000";"0,00";"0,00";"11,57";"11,57";"11,57";"20,83";"0,00";"80%";"1,8000";"4";"4,00";"0,00";"4,00";"F";"F";"";"=""BPR6EY""";"";"";"";"=""""";"";"";"F";"=""7897707510887""";"=""""";"";"";"";"LOJA";"";"";"PC";"BPR6EY";"";"0,00";"";"3786";"14.42";"18.00";"1.78";"0.82";"t";"=""43200789425615000505550020004851391612925488""";"";"";"0.0000";"";"";"";"";"";
"48418";"";"VELA";"IGNICAO";"=""ZKR8B10""";"NGK";"";"FIAT 1.4 8V PUNTO";"";"8511.1000";"0,00";"0,00";"12,79";"12,79";"12,79";"23,02";"0,00";"80%";"1,8000";"8";"4,00";"0,00";"4,00";"F";"F";"";"=""ZKR8B10""";"";"";"";"=""""";"";"";"F";"=""7897707510153""";"=""""";"";"";"";"LOJA";"";"";"PC";"ZKR8B10";"";"0,00";"";"3786";"14.80";"18.00";"1.83";"0.84";"t";"=""43200789425615000505550020004851391612925488""";"";"";"0.0000";"";"";"";"";"";
"48439";"";"VELA";"IGNICAO";"=""BKR5EY""";"NGK";"";"FORD – BELINA 1.6 CHT – ATé 1991 FORD – CORCEL 1.6 CHT – ATé 1991 FORD – DEL REY 1.6 CHT – ATé 1991 FORD – PAMPA 1.6 CHT – ATé 1992 FORD – ESCORT 1.6 CHT – ATé 1991 FORD – VERONA 1.6 CHT – TODOS VOLKSWAGEN – GOL 1.6 AE – TODOS VOLKSWAGEN – GOL 1.0 AE – TODOS VOLKSWAGEN – GOL 1.0AE CFI – 95/96 VOLKSWAGEN – PARATI 1.6 AE – TODOS VOLKSWAGEN – SAVEIRO 1.6 AE – TODOS VOLKSWAGEN – VOYAGE 1.6 AE – TODOS FIAT – TIPO 1.6 8V – TODOS";"";"8511.1000";"0,00";"0,00";"12,48";"12,48";"12,48";"22,46";"0,00";"80%";"1,8000";"4";"4,00";"4,00";"4,00";"F";"F";"";"=""BKR5EY""";"";"";"";"=""""";"";"";"F";"=""""";"=""""";"";"";"";"LOJA";"";"";"PC";"BKR5EY";"";"0,00";"";"0";"0.00";"0.00";"0.00";"0.00";"t";"=""""";"";"";"0.0000";"";"";"";"";"";
"48463";"";"VELA";"IGNICAO";"=""BKR6EKC""";"NGK";"";"FIAT – FIORINO 1.0 – 1996 EM DIANTE FIAT – MAREA 1.8 16V – TODOS FIAT – MAREA 2.0 16V – TODOS FIAT – PALIO 1.0 – 1996 EM DIANTE FIAT – PALIO 1.6 16V – ATE 1999 FIAT – SIENA 1.0 – 1996 EM DIANTE FIAT – SIENA 1.6 16V – ATE 1998 FIAT – STILO 1.8 16V – 2002 EM DIANTE FIAT – STILO 2.4 20V – 2002 EM DIANTE FIAT – STRADA 1.6 16V – ATE 1999 GM – ASTRA 2.0 16V – 1998 EM DIANTE GM – CORSA 1.0 16V – TODOS GM – CORSA 1.6 16V – TODOS GM – MERIVA 1.8 16V – 2002 EM DIANTE GM – TIGRA 1.6 16V – 1994 EM DIANTE GM – VECTRA 2.0 16V – 1997 EM DIANTE GM – VECTRA 2.2 16V – TODOS GM – ZAFIRA 2.0 16V – 2001 EM DIANTE PEUGEOT – 206 1.6 8V – TODOS PEUGEOT – PARTNER 1.8 – TODOS RENAULT – LAGUNA 3.0 24V – ATE 1998 RENAULT – MEGANE 2.0 16V – TODOS RENAULT – R19 1.8 16V – TODOS CITROEN – BERLINGO 1.8 8V – 1998 ATE 2004 CITROEN – XANTIA 2.0 1995 – ATE 2001 CITROEN – XANTIA 3.0 V6 1995 – ATE 2001 CITROEN – XSARA 2.0 16V 1997 – ATE 2001 BMW – 316I 1.6 – 1993 EM DIANTE BMW – 318I 1.8 16V – 1991 EM DIANTE BMW – 320I 2.0 24V – 1992 EM DIANTE BMW – 323I 2.5 24V – 1997 EM DIANTE BMW – 328I 2.8 24V – 1993 EM DIANTE BMW – 525I 2.5 24V – 1991 EM DIANTE BMW – 528I 2.8 24V – 1995 EM DIANTE BMW – 540I 4.0 – 1992 EM DIANTE BMW – 540I 4.4 32V – 1992 EM DIANTE";"";"8511.1000";"0,00";"0,00";"16,52";"16,52";"16,52";"29,74";"0,00";"80%";"1,8000";"8";"4,00";"4,00";"4,00";"F";"F";"";"=""BKR6EKC""";"";"";"";"=""""";"";"";"F";"=""7897707510474""";"=""""";"";"";"";"LOJA";"";"";"PC";"";"60-ICMS ANTEC.S.TRIB";"0,00";"";"3786";"19.57";"18.00";"2.42";"1.11";"t";"=""43200789425615000505550020004851391612925488""";"";"";"0.0000";"";"";"";"";"";
"48464";"";"VELA";"IGNICAO";"=""ZFR6J-11""";"NGK";"";"HONDA ACCORD 2.0 16V - APOS 2006 ACCORD 2.2 16V - 1990 A 1998 CIVIC 1.5 16V - 1991 A 2001 CIVIC 1.6 16V - 1992 A 2001 CIVIC 1.7 16V - 2001 A 2006 FIT 1.4 - APOS 2013 FIT 1.5 16V - 2005 A 2008 PRELUDE 2.2 16V - 1993 A 1996 (ZFR6J-11)";"";"8511.1000";"0,00";"0,00";"24,58";"24,58";"24,58";"44,24";"0,00";"80%";"1,8000";"12";"4,00";"4,00";"4,00";"F";"F";"";"=""ZFR6J-11""";"";"";"";"=""""";"";"";"F";"=""7897707511136""";"=""""";"";"";"";"LOJA";"";"";"PC";"";"60-ICMS ANTEC.S.TRIB";"0,00";"";"3786";"26.50";"18.00";"3.27";"1.50";"t";"=""43200789425615000505550020004851391612925488""";"";"";"0.0000";"";"";"";"";"";
"48466";"";"VELA";"IGNICAO";"=""BKR5ES-11""";"NGK";"";"HYUNDAI - ACCENT 1.5 12V ( SOHC ) / GL / GLS GASOLINA / GNV - ACCENT 1.5 16V ( G4EA ) GASOLINA / GNV DESDE 1999 - ATOS 1.0 12V GASOLINA / GNV 08/1999 A 06/2001 - ATOS 1.0 12V GASOLINA / GNV 05/2001 A 2002 - COUPE 2.0 16V GASOLINA / GNV - ELANTRA 2.0 16V ( 142 CV ) GASOLINA / GNV DESDE 2000 - I30 2.0 ( 145 CV - G4GC ) GASOLINA / GNV DESDE 2009 - MATRIX 1.8 16V GASOLINA / GNV DESDE 07/2001 - TUCSON 2.0 GASOLINA / GNV DESDE 2004 - KIA MOTORS - CARENS 2.0 16V DOHC CVVT ( 149CV ) GASOLINA / GNV DESDE 11/2006 - CARENS II 2.0 ( 138 CV - G4GC ) GASOLINA / GNV DESDE 08/2004 - CERATO 1.6 16V DOHC GASOLINA / GNV 02/2004 A 08/2006 - CERATO 2.0 16V DOHC ( 141 CV - G4GC ) GASOLINA / GNV DESDE 02/2004 - MAGENTIS 2.0 16V DOHC ( 145 CV - G4KA ) GASOLINA / GNV DESDE 10/2005 - PICANTO 1.1 ( 65 CV - G4HG ) GASOLINA / GNV DESDE 10/2003 - PICANTO 1.1 SOHC 12V ( 64 CV ) GASOLINA / GNV DESDE 2006 - SPORTAGE 2.0 16V CVVT ( 142 CV ) GASOLINA / GNV DESDE 08/2004 - SPORTAGE 2.5 ( 175 CV ) GASOLINA / GNV DESDE 09/2004 - NISSAN - MAXIMA ( VG30 / VG30E ) GASOLINA / GNV DESDE 1994";"";"8511.1000";"0,00";"0,00";"11,71";"11,71";"11,71";"21,08";"0,00";"80%";"1,8000";"8";"4,00";"0,00";"4,00";"F";"F";"";"=""BKR5ES-11""";"";"";"";"=""""";"";"";"F";"=""7897707511204""";"=""""";"";"";"";"LOJA";"";"";"PC";"";"";"0,00";"";"3786";"13.55";"18.00";"1.67";"0.77";"t";"=""43200789425615000505550020004851391612925488""";"";"";"0.0000";"";"";"";"";"";
"48568";"";"VELA";"(DUPLICADO) AQUECEDORA";"=""""";"IMPORTADO";"";"KIA 2.5 16V SORENTO HR K2500";"";"8511.8010";"1,00";"3,00";"0,00";"0,00";"0,00";"0,00";"0,00";"80%";"1,8000";"0";"0,00";"1,00";"0,00";"F";"F";"";"=""""";"";"";"";"=""""";"";"";"F";"=""""";"=""""";"STD";"";"";"";"";"";"PC";"";"60-ICMS ANTEC.S.TRIB";"0,00";"";"0";"0.00";"0.00";"0.00";"0.00";"t";"=""""";"";"";"0.0000";"";"";"";"";"";
"48582";"";"VELA";"IGNICAO";"=""3861""";"IMPORTADO";"";"TOY 2.5 2KD HILUX 04/... 3.0 1KD HILUX 12/... (C9692)(19850-0L010)";"";"8511.8010";"1,00";"3,00";"39,00";"39,00";"39,00";"70,20";"0,00";"80%";"1,8000";"0";"0,00";"1,00";"0,00";"F";"F";"";"=""3861""";"";"";"";"=""""";"";"";"F";"=""""";"=""""";"STD";"";"";"";"";"";"PC";"";"60-ICMS ANTEC.S.TRIB";"0,00";"";"";"0.00";"0.00";"0.00";"0.00";"t";"=""""";"";"";"0.0000";"";"";"";"";"";
"48727";"";"VELA";"IGNICAO";"=""BPR7E""";"NGK";"";"CHEVROLET / GM: AGILE 1.4 8V / ECONO.FLEX: 2009 > ASTRA 1.8 / 2.0 8V SOHC MPFI ETANOL: 2000 > ASTRA 2.0 8V / FLEXPOWER: 2009 > COBALT 1.4 / ECONO.FLEX: 2011 > CORSA 1.4 8V / ECONO.FLEX: 2007 > KADETT 1.8 / 2.0: 1994 > MERIVA 1.4 / ECONO.FLEX: 2008 > MONTANA 1.4 8V ECONOFLEX: 2007 > MONZA 1.8 / 2.0: 1995 > OMEGA / SUPREMA 2.2 4CIL. - MPFI / (ETANOL / GNV): ONIX 1.4 8V: 2012 > PRISMA 1.4 8V / ECONO FLEX: 2006 > VECTRA 2.0 8V / FLEXPOWER: 2009 > VECTRA GT / GTX 2.0 8V / FLEXPOWER: 2009 > ZAFIRA 2.0 8V / FLEXPOWER: 2009 >FIAT: 147 ( ETANOL) ELBA 1.3 / 1.5 / 1.6 : 1986 > 1996 FIORINO / FIORINO PICK-UP 1.0 / 1.3 /1.5 / 1.6 8V / CARB. / INJ.: 1989 > 1996 OGGI 1.050 / 1.300 / 1.415 PREMIO 1.3 / 1.5 / 1.6 TEMPRA 2.0 8V: 1992 > UNO 1.0 CARB. / 1.0 I.E. / MILLE: 1993 > 2001 UNO 1.3: 1985 > 1991 UNO 1.5 CARB.: ATE 1991 UNO 1.5 / 1.6 INJ: 1992";"";"8511.1000";"0,00";"0,00";"11,22";"11,22";"11,22";"20,20";"0,00";"80%";"1,8000";"8";"4,00";"0,00";"4,00";"F";"F";"";"=""BPR7E""";"";"";"";"=""""";"";"";"F";"=""7897707506712""";"=""""";"";"";"";"LOJA";"";"";"PC";"BPR7E";"";"0,00";"";"";"0.00";"0.00";"0.00";"0.00";"t";"=""""";"";"";"0.0000";"";"";"";"";"";
"48728";"";"VELA";"IGNICAO";"=""TR6B-10""";"NGK";"";"FORD: COURIER 1.6 / ZETEC ROCAM: 1999 > ECOSPORT 1.6 8V / ZETEC ROCAM: 2003 > ESCORT 1.6 8V / ZETEC ROCAM: 2000 > 2002 FIESTA 1.0 8V / ZETEC ROCAM: 1999 > 2006 FIESTA 1.6 8V / ZETEC ROCAM: 1999 > FOCUS 1.6 8V - SOHC / ZETEC ROCAM KA 1.0 / ZETEC ROCAM: 1999 > KA 1.6 / ZETEC ROCAM: 1999 > KA 1.6 8V / ZETEC ROCAM FLEX: 2008 >";"";"8511.1000";"0,00";"0,00";"13,88";"13,88";"13,88";"24,98";"0,00";"80%";"1,8000";"8";"4,00";"0,00";"4,00";"F";"F";"";"=""TR6B-10""";"";"";"";"=""""";"";"";"F";"=""7897707509652""";"=""""";"";"";"";"LOJA";"";"";"PC";"TR6B-10";"";"0,00";"";"";"0.00";"0.00";"0.00";"0.00";"t";"=""""";"";"";"0.0000";"";"";"";"";"";
"48729";"";"VELA";"IGNICAO";"=""BKR6EZ""";"NGK";"";"FIAT) [FIASA] ELBA 1.5 SPI 94> ALCOOL/(FIAT) [FIASA] FIORINO 1.0 MPI 93/96 ALCOOL/(FIAT) [FIASA) FIORINO 1.5 SPI 93/96 ALCOOL/(FIAT) [FIASA) PREMIO 1.5 SPI 92> ALCOOL/(FIAT) [SEVEL] PREMIO 1.6 SPI 92> ALCOOL/(FIAT) TEMPRA 2.0 8V CARBURADO E SPI 92> ALCOOL/(FIAT) [FIASA] UNO 1.5 SPI 92>/ALCOOL/(FIAT) [SEVEL] UNO 1.6 MPI/SPI 92> ALCOOL/(FIAT) [SEVEL] UNO 1.6R 92>/(GM) AGILE 1.4 8V 09> FLEX/(GM) ASTRA 2.0 8V 09> FLEX/(GM) CELTA 1.4 8V 06> FLEX/(GM) COBALT 1.4 8V 11> FLEX/(GM) CORSA 1.4 8V 09> FLEX/(GM) IPANEMA 1.8,2.0 89/92 ALCOOL/(GM) IPANEMA 1.8,2.0 EFI/MPFI 92> ALCOOL/(GM) KADETT 1.8,2.0 89/92 ALCOOL/(GM) KADETT 1.8,2.0 EFI/MPFI 92> ALCOOL/(GM) MONTANA 1.4 08> FLEX/(GM) MONZA 1.6,1.8,2.0 82/92 ALCOOL/(GM) MONZA 1.8,2.0 EFI/MPFI 92> ALCOOL/(GM) OMEGA 2.2 8V 92/98 ALCOOL/(GM) ONIX 1.4 8V 12> FLEX/(GM) SUPREMA 2.2 8V 92/98 ALCOOL/(GM) PRISMA 1.4 8V 06> FLEX/(GM) VECTRA NOVO 2.0 8V 09>/FLEX/(GM) ZAFIRA 2.0 8V 09> FLEX";"";"8511.1000";"0,00";"0,00";"14,60";"14,60";"14,60";"26,28";"0,00";"80%";"1,8000";"8";"4,00";"0,00";"4,00";"F";"F";"";"=""BKR6EZ""";"";"";"";"=""""";"";"";"F";"=""7897707508846""";"=""""";"";"";"";"LOJA";"";"";"PC";"BKR6EZ";"";"0,00";"";"";"0.00";"0.00";"0.00";"0.00";"t";"=""""";"";"";"0.0000";"";"";"";"";"";
"Total Registros";"106";